{"cameraMode":{"drawMode":0,"name":"Shaded","section":"Shading Mode"},"sceneLighting":true,"audioPlay":false,"sceneViewState":{"showFog":true,"showMaterialUpdate":false,"showSkybox":true,"showFlares":true,"showImageEffects":true,"showParticleSystems":true},"in2DMode":false,"pivot":{"x":4.494718551635742,"y":1.0690515041351319,"z":0.991176187992096},"rotation":{"x":0.17071054875850678,"y":0.5198817849159241,"z":-0.10690655559301377,"w":0.8301541805267334},"size":4.507077217102051,"orthographic":true}