{"cameraMode":{"drawMode":0,"name":"Shaded","section":"Shading Mode"},"sceneLighting":false,"audioPlay":false,"sceneViewState":{"showFog":true,"showMaterialUpdate":false,"showSkybox":false,"showFlares":true,"showImageEffects":true,"showParticleSystems":true},"in2DMode":false,"pivot":{"x":7.375041484832764,"y":-1.1718406677246094,"z":2.8435068130493166},"rotation":{"x":0.07246794551610947,"y":0.606536865234375,"z":-0.05565515533089638,"w":0.7898014783859253},"size":0.4965549111366272,"orthographic":true}