{"cameraMode":{"drawMode":0,"name":"Shaded","section":"Shading Mode"},"sceneLighting":false,"audioPlay":false,"sceneViewState":{"showFog":true,"showMaterialUpdate":false,"showSkybox":false,"showFlares":true,"showImageEffects":true,"showParticleSystems":true},"in2DMode":false,"pivot":{"x":-0.1160583347082138,"y":0.07785925269126892,"z":0.055906690657138827},"rotation":{"x":-0.07396555691957474,"y":-0.724788248538971,"z":0.07882510125637055,"w":-0.6805189251899719},"size":0.49655482172966006,"orthographic":true}