{"cameraMode":{"drawMode":0,"name":"Shaded","section":"Shading Mode"},"sceneLighting":false,"audioPlay":false,"sceneViewState":{"showFog":true,"showMaterialUpdate":false,"showSkybox":false,"showFlares":true,"showImageEffects":true,"showParticleSystems":true},"in2DMode":false,"pivot":{"x":3.9000000953674318,"y":1.0490000247955323,"z":1.2239999771118165},"rotation":{"x":-0.12212273478507996,"y":-0.3804842531681061,"z":0.0506819523870945,"w":-0.9153909683227539},"size":0.2339276373386383,"orthographic":false}