{"cameraMode":{"drawMode":0,"name":"Shaded","section":"Shading Mode"},"sceneLighting":false,"audioPlay":false,"sceneViewState":{"showFog":true,"showMaterialUpdate":false,"showSkybox":false,"showFlares":true,"showImageEffects":true,"showParticleSystems":true},"in2DMode":false,"pivot":{"x":-0.8199999928474426,"y":3.064000129699707,"z":-1.7000000476837159},"rotation":{"x":-0.21698620915412904,"y":-0.17978280782699586,"z":0.04072946682572365,"w":-0.958656907081604},"size":3.3471834659576418,"orthographic":true}