{"cameraMode":{"drawMode":0,"name":"Shaded","section":"Shading Mode"},"sceneLighting":false,"audioPlay":false,"sceneViewState":{"showFog":true,"showMaterialUpdate":false,"showSkybox":false,"showFlares":true,"showImageEffects":true,"showParticleSystems":true},"in2DMode":false,"pivot":{"x":7.2663469314575199,"y":-1.8586918115615845,"z":2.7321979999542238},"rotation":{"x":0.029580239206552507,"y":0.9020312428474426,"z":-0.06261933594942093,"w":0.42609360814094546},"size":0.3708984851837158,"orthographic":false}