{"cameraMode":{"drawMode":0,"name":"Shaded","section":"Shading Mode"},"sceneLighting":false,"audioPlay":false,"sceneViewState":{"showFog":true,"showMaterialUpdate":false,"showSkybox":false,"showFlares":true,"showImageEffects":true,"showParticleSystems":true},"in2DMode":false,"pivot":{"x":3.3919050693511965,"y":0.8289092183113098,"z":1.967094898223877},"rotation":{"x":-0.10821100324392319,"y":-0.6829269528388977,"z":0.10309816896915436,"w":-0.7151534557342529},"size":0.5807228684425354,"orthographic":false}