{"cameraMode":{"drawMode":0,"name":"Shaded","section":"Shading Mode"},"sceneLighting":false,"audioPlay":false,"sceneViewState":{"showFog":true,"showMaterialUpdate":false,"showSkybox":false,"showFlares":true,"showImageEffects":true,"showParticleSystems":true},"in2DMode":false,"pivot":{"x":-304.2630615234375,"y":365.73577880859377,"z":129.90658569335938},"rotation":{"x":-0.07111595571041107,"y":-0.8517634272575378,"z":0.1195129007101059,"w":-0.5053073167800903},"size":433.6294860839844,"orthographic":false}