{"cameraMode":{"drawMode":0,"name":"Shaded","section":"Shading Mode"},"sceneLighting":false,"audioPlay":false,"sceneViewState":{"showFog":true,"showMaterialUpdate":false,"showSkybox":false,"showFlares":true,"showImageEffects":true,"showParticleSystems":true},"in2DMode":false,"pivot":{"x":4.176025390625,"y":1.34600830078125,"z":1.253000020980835},"rotation":{"x":-0.04243902117013931,"y":-0.7076159715652466,"z":0.042386047542095187,"w":-0.704170823097229},"size":2.4418387413024904,"orthographic":false}