{"cameraMode":{"drawMode":0,"name":"Shaded","section":"Shading Mode"},"sceneLighting":false,"audioPlay":false,"sceneViewState":{"showFog":true,"showMaterialUpdate":false,"showSkybox":false,"showFlares":true,"showImageEffects":true,"showParticleSystems":true},"in2DMode":false,"pivot":{"x":3.8399658203125,"y":1.072998046875,"z":0.6609997749328613},"rotation":{"x":-0.04243902117013931,"y":-0.7076159715652466,"z":0.042386047542095187,"w":-0.704170823097229},"size":25.40406608581543,"orthographic":false}