{"cameraMode":{"drawMode":0,"name":"Shaded","section":"Shading Mode"},"sceneLighting":false,"audioPlay":false,"sceneViewState":{"showFog":true,"showMaterialUpdate":false,"showSkybox":false,"showFlares":true,"showImageEffects":true,"showParticleSystems":true},"in2DMode":false,"pivot":{"x":4.191760540008545,"y":1.4470038414001465,"z":-0.16575299203395844},"rotation":{"x":0.015001127496361733,"y":0.9790115356445313,"z":-0.18758273124694825,"w":0.07829281687736511},"size":0.8821472525596619,"orthographic":false}