{"cameraMode":{"drawMode":0,"name":"Shaded","section":"Shading Mode"},"sceneLighting":false,"audioPlay":false,"sceneViewState":{"showFog":true,"showMaterialUpdate":false,"showSkybox":false,"showFlares":true,"showImageEffects":true,"showParticleSystems":true},"in2DMode":false,"pivot":{"x":4.194859504699707,"y":1.4441407918930054,"z":-0.1670525074005127},"rotation":{"x":0.015001127496361733,"y":0.9790115356445313,"z":-0.18758273124694825,"w":0.07829281687736511},"size":0.426547110080719,"orthographic":false}