{"cameraMode":{"drawMode":0,"name":"Shaded","section":"Shading Mode"},"sceneLighting":false,"audioPlay":false,"sceneViewState":{"showFog":true,"showMaterialUpdate":false,"showSkybox":false,"showFlares":true,"showImageEffects":true,"showParticleSystems":true},"in2DMode":false,"pivot":{"x":4.222223281860352,"y":1.3826757669448853,"z":-0.14874449372291566},"rotation":{"x":0.08568480610847473,"y":0.7273023724555969,"z":-0.0923369899392128,"w":0.674694836139679},"size":1.271969199180603,"orthographic":true}