{"cameraMode":{"drawMode":0,"name":"Shaded","section":"Shading Mode"},"sceneLighting":true,"audioPlay":false,"sceneViewState":{"showFog":true,"showMaterialUpdate":false,"showSkybox":true,"showFlares":true,"showImageEffects":true,"showParticleSystems":true},"in2DMode":false,"pivot":{"x":4.421848773956299,"y":0.5743781924247742,"z":0.656193196773529},"rotation":{"x":0.17258206009864808,"y":0.7429198622703552,"z":-0.2094225287437439,"w":0.6119981408119202},"size":3.662757396697998,"orthographic":true}