{"cameraMode":{"drawMode":0,"name":"Shaded","section":"Shading Mode"},"sceneLighting":false,"audioPlay":false,"sceneViewState":{"showFog":true,"showMaterialUpdate":false,"showSkybox":false,"showFlares":true,"showImageEffects":true,"showParticleSystems":true},"in2DMode":false,"pivot":{"x":3.989300012588501,"y":1.2669999599456788,"z":-0.11699999868869782},"rotation":{"x":0.052550602704286578,"y":0.9366233348846436,"z":-0.16029596328735352,"w":0.3070603311061859},"size":22.0,"orthographic":true}